total, discount ,quantity,bags,rating,staff,outlet,gender,payment
103.25,99,12,6,4,5,A,Female,Credit
60.65,59,6,0,4,3,C,Female,Cash
88.58,44,8,7,3,7,A,Male,Cash
92.3,98,8,3,5,3,A,Male,Credit
75.88,76,8,3,4,5,A,Male,Cash
95.05,74,9,4,3,6,C,Male,Credit
70.33,70,6,0,3,3,A,Female,Cash
87.32,40,10,2,2,5,C,Female,Credit
124.31,89,13,6,4,3,A,Female,Cash
88.78,54,8,6,3,4,B,Female,Credit
53.74,51,8,5,4,5,B,Female,Cash
80.56,43,8,2,2,4,B,Male,Credit
64.74,51,8,3,4,3,A,Female,Credit
98.65,89,11,5,5,4,A,Male,Credit
92.67,91,8,7,5,7,A,Female,Credit
98.95,42,12,6,3,5,B,Female,Cash
64.43,43,9,3,4,7,A,Female,Credit
117.99,70,13,2,4,7,A,Male,Credit
59.46,40,7,2,2,7,A,Male,Cash
125.78,89,14,2,5,4,B,Female,Credit
113.83,93,12,3,4,3,C,Male,Credit
68.43,23,6,7,2,6,B,Male,Credit
102.5,58,9,6,3,6,B,Male,Cash
108.56,68,12,6,4,6,A,Male,Credit
108.4,71,11,7,4,4,A,Male,Cash
103.66,50,9,2,3,5,A,Female,Cash
113.96,63,11,2,4,3,B,Male,Cash
114.11,74,12,0,3,3,A,Female,Cash
53.55,27,6,1,3,4,B,Female,Cash
102.35,47,11,1,3,7,A,Male,Credit
56.16,47,6,2,3,3,B,Male,Cash
47.32,34,5,4,2,3,B,Male,Cash
98.68,47,11,0,3,6,B,Male,Cash
61.99,20,8,1,1,3,A,Male,Credit
72.89,77,8,5,4,6,C,Female,Cash
112.11,84,10,4,4,5,C,Female,Cash
63.01,56,8,0,3,3,A,Male,Credit
55.16,52,7,3,3,6,A,Female,Credit
97.61,81,9,7,4,4,C,Female,Credit
68.08,71,6,1,4,3,B,Male,Cash
67.04,63,9,0,3,3,B,Female,Credit
100.1,48,9,4,3,4,C,Male,Cash
106.58,64,11,7,3,7,B,Female,Cash
90.99,40,11,2,2,7,C,Female,Cash
77.54,31,9,6,3,7,C,Male,Cash
98.24,69,11,7,3,6,B,Female,Credit
74.39,35,9,4,3,3,B,Male,Credit
101.72,45,9,4,3,6,B,Female,Credit
41.09,27,5,1,3,5,B,Male,Cash
100.46,55,11,6,3,6,C,Female,Cash
91.08,52,11,4,3,5,C,Male,Cash
77.49,87,9,6,5,4,A,Female,Credit
68.99,40,6,4,3,4,B,Female,Credit
42.88,21,7,4,3,7,C,Male,Cash
102.3,48,9,5,3,6,B,Male,Credit
104.32,65,10,3,3,7,C,Female,Credit
105.72,80,10,7,5,6,A,Male,Cash
57.56,62,9,5,4,3,A,Male,Credit
106.71,89,10,3,4,3,A,Female,Credit
67.7,78,7,2,3,7,C,Male,Cash
60.61,46,8,2,3,4,C,Female,Credit
113.31,89,10,1,4,3,C,Male,Credit
49.89,27,5,1,3,6,B,Female,Credit
133.58,94,12,1,4,6,A,Male,Cash
58.98,49,7,5,2,5,B,Male,Credit
44.06,40,7,6,3,5,A,Male,Credit
111.9,88,13,4,4,3,C,Female,Credit
136.24,99,14,7,5,7,B,Female,Cash
98.91,84,8,2,4,5,A,Male,Credit
103.38,69,10,5,4,4,A,Female,Cash
110.34,76,9,7,3,3,C,Male,Credit
80.04,39,8,2,2,6,C,Male,Credit
111.23,73,10,0,3,7,B,Female,Cash
102.95,77,10,4,4,4,C,Female,Credit
72.25,34,7,5,3,5,A,Male,Cash
109.28,82,12,4,4,5,C,Female,Credit
56.32,44,7,6,3,7,C,Male,Credit
125.4,96,11,6,5,7,A,Female,Cash
102.87,51,10,2,3,5,C,Female,Credit
111.69,92,11,2,4,4,C,Female,Cash
50.36,32,5,6,2,6,C,Female,Credit
110.02,82,11,7,4,3,B,Female,Credit
90.17,83,8,7,5,3,C,Male,Cash
65.88,71,6,0,4,3,C,Female,Credit
46.68,46,4,6,2,3,C,Male,Credit
42.97,33,5,0,2,6,C,Female,Cash
79.73,45,10,6,3,7,C,Male,Credit
90.35,52,9,6,3,5,A,Male,Cash
87.52,50,9,6,3,7,A,Male,Cash
71.69,72,9,7,4,4,B,Female,Cash
78.21,46,10,3,3,5,C,Female,Credit
69.3,48,7,6,2,3,C,Female,Credit
37.84,33,6,4,3,3,A,Female,Credit
61.89,22,6,2,2,6,B,Male,Cash
105.57,83,11,6,4,6,C,Male,Cash
64.37,58,7,7,4,3,A,Male,Credit
71.84,83,10,7,3,4,B,Male,Credit
68.67,46,8,5,3,5,C,Female,Cash
107.83,68,11,5,3,3,A,Male,Credit
95.18,99,8,1,5,3,B,Male,Credit
57.5,63,7,6,4,3,C,Male,Cash
93.12,55,9,5,3,4,C,Male,Credit
80.62,97,10,1,4,5,C,Female,Cash
69.29,62,9,0,4,7,A,Male,Credit
39.98,34,6,6,2,7,B,Male,Credit
71.42,77,10,0,5,4,A,Male,Credit
82.26,80,7,3,3,3,C,Male,Cash
71.89,82,8,6,3,7,A,Male,Cash
81.55,52,7,7,2,3,C,Female,Cash
133.47,96,14,3,5,5,C,Male,Credit
114.01,62,10,6,4,6,B,Female,Credit
100.19,60,10,1,4,4,C,Female,Credit
79.38,79,9,2,4,4,B,Female,Cash
64.92,20,7,6,1,7,A,Male,Credit
71.61,46,9,3,3,7,C,Female,Credit
108.87,76,12,6,4,7,C,Female,Cash
91.23,63,11,4,4,4,B,Male,Credit
68.74,31,7,2,2,3,B,Male,Credit
80.84,24,8,6,1,7,A,Female,Credit
85.25,79,8,2,5,4,B,Male,Cash
82.27,66,9,0,4,5,A,Female,Credit
89.98,59,9,5,4,7,C,Male,Credit
80.42,32,9,1,3,7,B,Male,Credit
42.24,33,7,7,2,3,C,Male,Credit
71.16,82,7,1,5,6,B,Female,Cash
126.36,78,14,2,4,4,A,Female,Cash
79.93,55,7,2,2,6,A,Female,Cash
99.86,80,11,1,4,6,C,Female,Credit
86.23,33,8,5,3,6,C,Female,Credit
96.2,66,11,4,4,5,B,Female,Cash
39.21,21,5,7,1,7,B,Female,Cash
102.8,66,10,6,4,3,A,Female,Cash
94.64,54,9,0,4,5,B,Female,Credit
45.06,35,7,7,2,5,B,Male,Credit
88.19,65,10,3,3,5,C,Female,Credit
97.8,36,10,5,3,4,C,Male,Cash
83.86,50,8,4,4,5,A,Female,Cash
109.72,60,10,4,3,4,A,Female,Credit
65.6,21,7,7,3,7,B,Male,Cash
49.25,39,6,7,3,4,A,Male,Credit
86.91,34,8,5,3,3,C,Female,Cash
64.95,47,8,2,2,4,C,Male,Credit
62.66,35,6,0,2,7,C,Female,Cash
74.63,58,10,7,3,3,C,Female,Credit
76.17,43,7,4,3,5,A,Female,Cash
123.43,78,13,2,3,4,C,Female,Credit
98.24,69,11,3,3,5,A,Female,Credit
85.32,50,11,5,3,6,C,Male,Credit
55.46,60,6,3,3,5,B,Male,Cash
107.19,80,12,5,5,4,A,Male,Credit
117.34,96,12,6,5,4,B,Female,Cash
95.68,62,10,0,3,5,C,Male,Credit
75.28,32,7,5,2,6,A,Male,Credit
60.19,40,7,0,3,5,C,Female,Credit
106.16,58,9,4,4,3,C,Female,Credit
90.1,98,11,3,4,3,A,Male,Credit
103.6,51,11,7,3,4,B,Male,Credit
63.19,25,9,5,2,6,B,Male,Credit
105.28,47,11,2,3,6,B,Male,Credit
88.43,33,8,3,3,7,B,Male,Cash
110.18,79,12,6,4,3,C,Female,Cash
93.72,99,10,4,5,6,A,Male,Cash
121.02,82,11,2,4,4,A,Male,Cash
57.46,50,8,5,3,5,C,Male,Cash
137.24,94,13,5,4,3,B,Male,Credit
82.75,57,8,3,3,3,B,Male,Credit
67.17,33,8,0,2,4,C,Male,Cash
74.92,25,8,4,2,5,A,Male,Credit
80.18,64,10,6,3,5,A,Male,Cash
106.67,76,10,1,3,3,A,Male,Credit
31.66,25,4,7,2,3,A,Male,Cash
50.56,42,7,4,2,7,B,Male,Credit
104.41,91,9,3,5,6,C,Male,Cash
68.74,31,8,0,2,7,B,Male,Credit
109.71,74,10,2,4,5,B,Male,Credit
96.75,42,9,5,4,6,A,Male,Credit
78.5,68,8,1,4,7,A,Male,Credit
62.23,43,9,6,3,3,C,Female,Cash
45.69,37,6,4,2,5,A,Male,Cash
67.5,68,6,3,3,3,C,Male,Credit
83.08,37,8,1,3,5,C,Male,Cash
69.98,49,7,2,3,4,C,Male,Credit
99.07,81,12,7,4,3,A,Male,Credit
127.92,90,10,6,5,3,C,Male,Cash
91.01,81,11,4,4,6,A,Female,Credit
133.63,93,13,2,5,5,B,Male,Cash
108.39,85,11,1,4,3,B,Female,Cash
91.13,65,11,7,4,6,B,Male,Credit
115.22,67,13,6,4,7,A,Male,Credit
67.31,44,8,4,2,5,C,Female,Credit
69,26,9,4,2,4,B,Female,Credit
45.53,40,7,1,2,4,B,Female,Cash
96.58,59,9,0,3,7,C,Female,Cash
69.03,53,9,3,4,6,B,Male,Credit
95.37,68,11,6,4,4,A,Male,Credit
93.25,94,9,1,4,5,C,Female,Credit
106.42,67,9,6,3,5,C,Male,Cash
107.08,82,9,5,4,3,A,Female,Credit
76.41,66,8,2,4,7,C,Male,Cash
55.1,53,5,4,3,7,C,Female,Credit
38.53,20,5,4,2,5,C,Female,Cash
68.7,73,6,1,4,3,B,Female,Cash
111.44,69,11,1,4,3,C,Male,Cash
79.33,80,8,0,4,6,B,Male,Cash
57.94,41,7,0,2,6,B,Male,Cash
84.01,61,8,3,4,7,A,Female,Credit
82.51,34,9,6,3,7,C,Female,Cash
79.06,30,8,7,4,5,C,Female,Cash
71.17,68,9,1,3,4,B,Female,Credit
120.54,91,12,6,5,5,B,Female,Cash
72.49,57,7,0,3,6,A,Male,Credit
67.43,28,8,1,3,3,C,Female,Credit
116.52,70,10,7,4,3,B,Male,Cash
99.88,52,10,0,3,6,B,Male,Credit
85.14,26,8,3,2,6,B,Female,Cash
92.43,68,8,1,3,7,A,Male,Credit
97.26,60,11,2,3,3,B,Female,Cash
83.46,85,8,0,4,4,A,Female,Credit
51.46,25,7,4,3,4,B,Male,Cash
74.23,38,7,1,3,6,B,Female,Cash
59.01,21,7,3,2,6,B,Male,Credit
107.35,77,12,7,4,6,B,Male,Cash
120.07,86,12,5,4,3,C,Male,Credit
101.09,43,9,5,3,5,C,Female,Cash
113.36,88,11,0,4,7,A,Male,Credit
84.03,33,8,2,3,4,C,Female,Cash
128.82,87,12,3,5,5,B,Male,Credit
66.65,29,6,1,2,5,C,Male,Cash
87.77,73,11,0,5,3,B,Female,Credit
37.06,20,4,5,2,7,A,Female,Credit
89.82,62,9,2,4,3,B,Female,Cash
75.79,50,8,7,3,5,B,Female,Cash
90.63,33,8,1,4,7,B,Female,Cash
74.82,27,8,5,2,6,B,Male,Credit
129.03,83,14,4,3,6,A,Male,Cash
45.94,46,5,1,3,6,A,Female,Credit
82.74,71,8,4,4,5,C,Male,Credit
59.54,66,5,0,3,4,C,Female,Credit
91.29,62,10,0,3,3,B,Female,Cash
113.28,62,12,3,4,6,A,Male,Cash
76.96,28,9,5,2,3,A,Male,Cash
85.32,50,11,0,3,6,A,Male,Cash
76.74,46,9,2,3,6,C,Male,Cash
66.83,53,7,5,4,5,A,Male,Credit
48.66,50,5,1,3,6,B,Male,Credit
115.1,83,12,2,4,6,A,Male,Credit
113.46,100,10,5,4,4,B,Female,Cash
103.73,90,10,5,4,4,A,Male,Cash
103.66,50,12,7,4,4,A,Male,Credit
133.42,97,12,7,4,5,B,Male,Cash
93.85,69,10,5,4,3,B,Male,Cash
87.55,22,10,3,2,6,C,Male,Credit
79.49,77,10,7,4,6,C,Female,Credit
103.93,100,9,6,4,5,A,Male,Cash
53.38,44,7,5,4,7,A,Male,Cash
60.37,23,6,0,2,3,B,Male,Cash
110.24,64,9,5,4,3,A,Male,Cash
75.46,70,8,6,3,4,A,Male,Credit
42.56,27,5,4,3,4,A,Male,Credit
71.54,61,9,2,3,7,C,Male,Credit
65.06,45,9,7,4,7,A,Female,Credit
109.96,83,11,6,4,5,C,Female,Cash
98.86,85,9,6,5,3,B,Female,Credit
102.54,71,10,3,4,3,A,Female,Credit
120.19,70,13,0,4,5,B,Male,Cash
118.59,100,11,6,5,5,A,Female,Credit
83.98,34,9,5,2,4,C,Male,Cash
120.8,86,10,1,4,6,B,Female,Credit
73.39,40,10,7,2,3,A,Male,Credit
88.66,70,8,6,4,7,A,Female,Cash
91,26,10,5,2,4,B,Female,Cash
88.72,55,9,0,4,7,C,Female,Cash
111.99,100,11,7,5,6,A,Female,Credit
80.66,55,10,6,4,5,A,Female,Credit
92.3,98,10,5,6,3,B,Female,Cash
97.55,82,11,6,5,7,B,Male,Cash
74.82,82,8,5,4,3,C,Female,Cash
126.72,85,11,2,4,4,C,Female,Credit
74.92,25,7,3,3,6,C,Male,Cash
74.39,35,9,6,2,5,A,Male,Cash
72.94,76,9,2,4,7,A,Female,Credit
107.08,82,10,1,5,7,C,Male,Cash
98.43,38,9,0,2,7,A,Female,Cash
96.54,46,9,4,3,5,A,Male,Credit
82.51,34,8,2,2,4,A,Female,Cash
70.8,75,8,5,5,6,B,Male,Cash
97.48,42,10,2,3,6,C,Male,Credit
90.61,61,9,5,4,7,C,Female,Credit
43.44,38,6,4,3,5,B,Female,Credit
106.32,55,12,3,4,6,A,Female,Cash
69.22,77,8,4,4,4,B,Male,Credit
91.7,68,11,2,4,6,C,Male,Credit
94.66,95,9,5,5,7,A,Female,Cash
75.22,47,10,5,2,7,A,Female,Cash
51.45,39,6,4,3,4,B,Male,Credit
78.17,88,8,2,5,7,C,Female,Credit
57.36,52,6,6,4,6,C,Male,Cash
43.6,35,5,0,3,7,A,Male,Cash
110.5,73,10,6,4,3,A,Male,Credit
47.41,46,7,4,3,3,C,Female,Credit
81.78,89,8,7,4,7,C,Male,Credit
88.67,56,10,1,3,4,B,Male,Cash
72.77,38,7,0,2,4,C,Male,Credit
104.9,68,9,6,4,4,A,Female,Cash
61.76,52,6,4,4,5,B,Female,Credit
88.63,43,10,1,3,3,A,Male,Credit
112.44,64,12,2,3,7,A,Female,Credit
109.17,98,12,1,6,7,A,Female,Credit
65.79,45,6,7,3,3,A,Female,Cash
47.41,46,5,5,3,5,A,Female,Credit
50.26,20,5,7,1,5,B,Male,Credit
55.89,52,7,2,2,3,C,Male,Credit
85.91,39,8,5,4,4,A,Female,Cash
141.32,100,12,7,4,4,A,Female,Credit
116.24,89,13,7,5,7,C,Female,Cash
45.65,24,8,5,3,7,C,Male,Credit
103.89,87,9,4,4,5,C,Female,Credit
52.34,36,5,1,3,3,C,Male,Cash
83.26,75,7,5,3,4,C,Female,Credit
61.87,36,7,4,3,5,C,Male,Cash
82.76,43,10,2,2,7,C,Female,Credit
47.73,40,5,7,3,3,C,Female,Credit
91.67,41,10,3,3,6,A,Male,Credit
93.62,87,10,5,5,6,A,Female,Cash
134.47,91,14,1,4,4,A,Male,Credit
98.79,100,9,7,5,4,B,Male,Credit
107.07,96,12,3,4,3,A,Male,Credit
93.1,83,8,0,4,7,C,Male,Credit
50.89,22,7,3,2,4,B,Male,Credit
91.63,28,10,2,3,7,A,Male,Credit
55.74,41,7,6,2,7,B,Male,Credit
78.14,61,8,5,4,5,A,Male,Cash
139.17,99,12,4,4,7,A,Male,Credit
80.55,57,10,4,4,3,A,Male,Cash
76.9,43,10,4,3,5,C,Male,Cash
89.85,89,11,7,5,3,A,Female,Credit
82.15,27,10,2,3,6,A,Male,Credit
94.71,94,9,7,4,5,B,Female,Credit
66.01,41,8,6,3,7,C,Female,Credit
78.18,74,7,5,3,7,B,Female,Cash
68.59,20,7,4,3,6,B,Male,Cash
102.21,91,9,3,5,3,B,Female,Credit
81.33,70,9,2,5,6,B,Female,Cash
80.32,20,8,7,3,5,C,Female,Cash
68.29,67,9,2,4,3,A,Male,Cash
81.88,32,8,1,3,7,A,Female,Credit
72.13,50,9,7,3,7,A,Male,Cash
128.03,88,12,2,5,7,C,Female,Credit
61.6,55,7,4,2,5,A,Male,Cash
85.73,70,9,1,4,3,B,Female,Credit
83.27,61,9,5,3,5,C,Female,Cash
76.83,58,10,6,4,3,A,Male,Credit
129.86,95,13,2,5,3,B,Female,Cash
110.79,95,10,5,5,6,B,Male,Credit
75.92,89,8,0,4,6,C,Female,Cash
62.81,46,6,5,3,3,B,Female,Credit
81.15,32,9,6,3,4,C,Female,Credit
86.33,100,10,6,4,6,C,Female,Credit
60.4,50,8,6,3,4,B,Male,Cash
68.57,48,7,5,3,6,B,Male,Cash
76.91,29,9,1,2,6,A,Male,Cash
57.63,33,7,1,2,4,C,Female,Credit
120.32,95,12,5,4,6,C,Male,Credit
111.86,75,11,6,5,6,A,Male,Cash
85.83,68,11,1,3,6,C,Female,Credit
70.99,30,9,0,3,6,C,Female,Credit
84.35,27,10,1,2,7,C,Female,Credit
44.39,20,5,0,2,6,A,Male,Credit
93.33,65,10,5,4,7,C,Female,Cash
94.92,35,10,3,2,7,A,Male,Credit
42.61,26,6,4,2,7,B,Female,Cash
114.64,64,10,1,3,4,B,Female,Cash
62.57,23,9,6,2,6,C,Female,Credit
53.77,23,6,4,2,4,C,Male,Cash
125.68,77,13,4,4,7,A,Female,Credit
67.99,45,6,6,3,6,A,Female,Cash
113.78,94,10,2,4,3,B,Female,Cash
56.59,25,7,3,2,4,C,Male,Credit
83.47,71,8,5,4,6,C,Male,Cash
116.88,77,12,7,4,4,B,Female,Credit
67.92,74,7,0,4,4,A,Male,Credit
120.44,79,13,2,4,5,C,Female,Cash
54.01,46,7,3,3,3,B,Female,Cash
82.01,71,10,3,4,6,C,Female,Cash
135.83,93,13,2,5,3,A,Female,Cash
114.2,86,10,2,4,6,B,Male,Credit
60.71,44,6,1,3,7,C,Male,Credit
97.63,53,11,0,3,4,A,Female,Cash
76.44,24,7,0,3,4,C,Female,Cash
78.44,83,7,6,4,5,B,Male,Cash
63.54,46,8,0,3,5,C,Female,Credit
100.79,90,12,6,4,7,B,Female,Credit
78.89,47,10,1,4,4,A,Male,Cash
89.52,40,9,6,3,3,A,Female,Credit
98.61,76,9,0,3,7,A,Female,Credit
83.69,67,10,4,4,3,A,Female,Cash
106.83,73,9,1,4,7,A,Female,Cash
84.58,64,7,7,4,7,B,Male,Cash
55.89,52,8,4,4,6,B,Female,Credit
85.42,62,9,7,4,3,B,Male,Cash
58.77,53,6,0,3,6,C,Female,Credit
67.34,71,7,7,4,6,C,Male,Credit
90.55,62,8,5,4,3,C,Male,Cash
77.41,61,10,6,2,5,B,Female,Credit
67.81,76,8,3,4,7,C,Female,Cash
49.46,35,5,6,3,7,A,Male,Credit
93.66,100,10,2,5,5,A,Male,Cash
76.54,91,9,7,5,6,B,Female,Credit
82.31,24,8,3,2,7,A,Female,Credit
51.65,49,5,7,3,5,C,Female,Credit
75.05,64,8,4,3,3,B,Female,Cash
129.39,90,11,1,4,3,B,Male,Credit
40.72,34,5,1,3,7,A,Male,Credit
83.5,98,11,4,5,6,A,Male,Cash
93.51,89,11,5,4,7,A,Male,Credit
43.4,25,5,6,3,7,B,Male,Cash
79.7,73,10,7,3,4,C,Female,Credit
109.23,83,11,7,3,3,C,Female,Credit
93.71,44,11,3,3,7,B,Female,Cash
69.83,38,8,3,3,6,A,Female,Credit
76.11,44,7,3,4,3,C,Female,Credit
87.42,52,10,0,3,3,C,Female,Credit
57.74,31,5,4,2,4,C,Female,Credit
117.72,75,11,3,4,5,B,Male,Credit
38.52,34,4,5,2,5,C,Male,Credit
92.88,32,8,7,2,5,B,Male,Cash
89.01,91,11,7,4,5,A,Male,Credit
86.4,85,11,1,4,4,B,Female,Credit
41.86,40,6,2,2,5,B,Male,Cash
86.97,88,10,3,5,7,A,Female,Cash
30.36,22,5,3,3,5,B,Male,Cash
118.39,90,10,5,4,3,C,Male,Credit
125,76,13,4,4,5,A,Female,Cash
96.79,55,9,1,4,5,B,Male,Cash
79.88,42,10,7,3,6,B,Female,Cash
104.98,94,10,1,4,4,C,Male,Credit
85.28,37,10,0,3,5,C,Male,Cash
116.56,83,11,0,3,7,A,Male,Cash
103.13,46,11,4,3,6,C,Male,Cash
73.54,51,7,0,3,6,C,Female,Credit
34.38,29,4,7,2,7,C,Male,Cash
79.75,72,9,5,4,5,B,Female,Cash
89.43,83,8,2,4,5,A,Female,Cash
104.47,76,9,4,4,5,C,Male,Cash
35.85,29,4,0,3,3,A,Female,Credit
103.79,75,10,4,3,5,B,Female,Cash
78.09,62,9,1,3,3,C,Male,Credit
76.42,52,7,7,3,3,C,Male,Credit
107.59,100,10,0,4,5,B,Female,Cash
75.07,36,8,4,2,4,B,Female,Cash
110.03,68,11,1,3,6,B,Female,Credit
55.8,40,7,6,2,7,B,Male,Credit
77.41,61,7,2,4,6,A,Female,Cash
87.68,47,10,6,3,7,A,Male,Credit
79.82,57,8,1,4,6,A,Male,Credit
90.19,55,10,5,4,6,B,Female,Cash
75.12,35,8,6,3,6,B,Female,Credit
100.33,85,11,2,4,3,B,Male,Cash
74.78,69,9,6,3,6,C,Female,Cash
105.88,77,9,4,4,4,C,Male,Credit
75.83,63,7,3,4,3,C,Male,Cash
94.69,67,11,7,4,5,B,Female,Cash
105,66,11,5,4,5,C,Female,Cash
100.58,94,11,4,5,6,C,Female,Credit
52.02,42,7,2,4,5,A,Male,Credit
70.12,74,8,6,4,3,C,Female,Credit
72.58,69,8,6,4,5,C,Female,Cash
63.28,51,7,0,3,5,B,Male,Cash
121.86,80,11,1,5,5,C,Male,Credit
93.04,98,8,4,4,4,C,Female,Cash
48.89,32,7,1,2,6,C,Female,Cash
91.71,54,9,0,4,7,A,Female,Cash
95.62,77,10,2,3,6,A,Male,Credit
75.5,28,8,7,3,5,B,Male,Credit
55.53,45,5,0,3,4,A,Female,Credit
57.04,58,7,3,3,7,A,Male,Credit
87.58,49,10,7,3,7,A,Female,Cash
52.8,55,7,0,3,4,C,Male,Credit
87.82,72,10,5,4,6,B,Male,Cash
79.75,72,9,3,4,6,A,Male,Credit
71.35,37,9,0,3,7,C,Male,Credit
81.91,59,8,6,4,5,C,Female,Credit
87.54,91,9,4,5,3,A,Male,Credit
66.95,37,8,5,2,5,B,Male,Cash
64.36,72,9,3,4,3,C,Female,Cash
103.8,61,10,0,4,4,B,Female,Cash
115.43,63,10,6,3,7,B,Female,Credit
106.59,50,9,1,4,5,A,Male,Credit
73.55,37,9,2,3,4,C,Male,Cash
57.3,53,8,0,2,5,B,Female,Credit
70.44,68,9,1,4,6,B,Female,Cash
73.01,61,9,1,4,6,A,Female,Credit
60.82,42,9,2,3,5,B,Female,Credit
117.71,89,11,3,4,7,C,Female,Credit
110.33,90,10,1,4,4,B,Male,Credit
106.77,88,10,4,5,6,B,Male,Credit
88.49,87,10,0,4,3,C,Female,Credit
76.34,81,10,4,4,6,C,Female,Cash
54.58,49,8,3,2,4,B,Female,Credit
92.52,94,9,4,4,6,A,Female,Credit
119.6,81,13,2,4,5,B,Male,Cash
83.88,91,8,0,5,7,C,Female,Cash
48,35,7,4,3,4,C,Male,Cash
87.22,97,9,2,4,5,B,Female,Credit
69.08,66,8,1,4,6,B,Male,Cash
80.38,74,8,2,4,5,A,Male,Credit
48.53,25,7,5,2,3,B,Female,Credit
61.76,52,6,6,3,4,B,Female,Cash
77.58,44,8,0,2,5,B,Male,Credit
98.22,97,12,0,5,7,C,Female,Credit
126.1,83,14,6,4,7,B,Female,Cash
76.8,31,7,6,3,3,A,Female,Cash
79.3,53,8,1,3,7,A,Female,Cash
63.41,21,6,5,2,4,A,Male,Cash
67.04,63,7,5,3,3,C,Male,Credit
70.65,64,7,6,3,6,C,Female,Cash
92.54,66,8,7,3,6,B,Male,Credit
82.31,24,10,2,2,5,C,Male,Cash
93.92,40,9,2,3,5,A,Male,Credit
91.46,45,8,0,3,6,C,Male,Credit
39.84,23,6,0,3,3,B,Female,Cash
99.99,50,10,0,4,3,C,Female,Credit
95.57,78,10,2,5,4,A,Female,Cash
76.79,45,7,5,3,6,C,Male,Credit
95.09,87,8,5,4,5,A,Male,Cash
133.73,91,13,3,5,5,A,Female,Cash
98.72,60,10,2,3,4,B,Male,Credit
75.3,73,9,3,4,5,B,Male,Cash
81.32,84,8,7,4,5,B,Female,Cash
90.94,41,9,3,3,5,A,Male,Credit
110.72,55,12,5,3,5,A,Male,Credit
95.5,38,9,6,3,3,A,Male,Credit
105.91,49,11,6,3,4,B,Male,Cash
70.31,29,10,7,3,5,C,Female,Cash
59.73,35,8,6,2,5,A,Female,Cash
134.94,96,11,0,4,6,C,Male,Cash
94.8,51,9,4,4,4,B,Female,Cash
141.32,100,15,1,4,5,A,Male,Credit
93.47,76,10,7,3,4,A,Female,Cash
78.58,39,10,7,3,3,C,Female,Credit
78.19,60,8,0,3,3,A,Male,Cash
63.49,47,7,0,2,7,C,Male,Cash
121.96,78,13,1,4,7,B,Female,Credit
60.1,28,7,4,2,5,C,Male,Credit
107.97,93,11,7,4,5,B,Female,Cash
67.02,22,8,3,3,4,B,Male,Cash
115.37,64,11,5,4,6,A,Female,Credit
124.84,79,10,1,4,5,A,Male,Cash
82.14,41,9,2,2,4,B,Female,Credit
84.64,49,10,6,2,3,A,Female,Cash
91.91,64,9,7,4,7,B,Male,Credit
82.01,71,7,1,4,3,B,Female,Cash
93.41,91,11,1,4,7,B,Female,Cash
125.78,89,11,7,3,5,C,Male,Cash
103.22,72,12,2,5,7,A,Male,Credit
91.11,79,10,6,4,3,B,Male,Cash
116.15,77,11,3,3,7,B,Female,Credit
32.45,24,5,5,2,4,C,Female,Credit
98.48,37,11,7,3,4,A,Male,Credit
125.47,81,11,0,4,7,A,Female,Cash
88.59,30,9,4,2,3,B,Male,Credit
74.99,65,8,1,4,4,C,Male,Credit
77.83,53,9,2,4,5,B,Female,Credit
70.39,55,7,6,4,4,A,Male,Credit
111.55,67,12,0,3,7,B,Male,Cash
125.15,87,13,0,4,3,A,Female,Cash
105.42,72,9,5,3,6,C,Female,Cash
86.76,92,9,2,4,6,A,Female,Credit
84.12,45,8,2,2,7,B,Female,Cash
90.53,90,10,5,5,7,C,Female,Cash
75.18,34,8,3,3,5,B,Female,Cash
73.32,69,9,7,3,4,B,Male,Credit
89.31,44,9,5,3,4,A,Male,Credit
60.86,55,9,6,3,6,B,Male,Credit
79,31,9,4,2,4,A,Male,Credit
41.5,33,5,3,2,4,B,Male,Cash
76.51,64,10,6,3,5,B,Male,Credit
86.75,37,9,4,2,5,C,Male,Cash
94.94,76,11,2,3,6,A,Female,Credit
73.45,39,10,7,3,3,B,Male,Cash
98.24,69,11,1,5,5,C,Male,Cash
91.35,47,11,3,2,3,A,Female,Cash
91.05,94,10,1,4,4,C,Female,Cash
55.27,36,8,6,3,3,B,Female,Credit
125.88,87,12,2,4,4,B,Male,Cash
89.45,69,10,6,4,4,A,Male,Cash
109.24,69,9,4,4,5,A,Female,Credit
100.2,46,10,1,3,6,A,Female,Cash
90.32,94,11,6,4,3,C,Male,Credit
52.08,41,6,1,3,7,A,Male,Credit
82.56,33,8,2,3,3,C,Male,Cash
87.71,74,11,1,4,3,C,Female,Credit
119.3,73,12,3,3,3,A,Female,Cash
100.74,91,10,5,4,4,A,Female,Credit
52.09,27,5,0,3,4,B,Male,Credit
96.42,62,10,6,3,4,B,Male,Credit
58.95,22,7,5,3,5,A,Male,Credit
91.33,75,10,6,3,6,C,Female,Credit
78.21,46,8,1,3,3,C,Female,Credit
118.35,77,11,3,5,5,A,Female,Cash
86.5,83,10,1,5,3,C,Male,Cash
68.81,71,7,4,4,5,C,Female,Credit
47.9,23,5,6,2,7,C,Male,Credit
50.66,40,6,5,2,7,B,Female,Credit
53.76,37,6,7,3,3,C,Female,Credit
94.25,89,8,5,5,7,B,Male,Cash
77.92,79,7,4,4,7,A,Female,Credit
75.3,73,7,2,4,4,C,Female,Cash
93.05,84,11,6,5,3,A,Male,Credit
64.71,24,6,2,2,6,B,Male,Cash
63.14,26,8,6,2,7,A,Female,Cash
114.38,69,11,5,3,3,C,Female,Cash
128.66,90,11,7,4,5,B,Male,Credit
82.04,29,8,3,2,4,C,Male,Cash
115.98,94,12,0,5,4,A,Male,Cash
98.3,68,9,4,3,3,A,Female,Cash
47.9,23,6,1,3,3,B,Male,Credit
67.21,46,6,6,2,6,C,Male,Credit
78.96,87,10,1,5,7,A,Male,Credit
107.06,55,11,7,3,5,C,Female,Cash
90.27,26,11,6,3,3,A,Female,Cash
71.91,54,8,7,4,3,A,Female,Cash
65.6,21,9,3,2,6,B,Female,Credit
100.72,50,9,2,3,4,B,Female,Credit
31.04,23,3,6,2,3,B,Male,Cash
76.25,69,9,1,4,5,B,Female,Credit
86.87,76,8,5,4,6,A,Male,Credit
90.69,87,8,4,5,7,B,Male,Credit
128.18,99,13,6,5,4,A,Male,Cash
125.94,86,12,5,4,6,A,Female,Credit
74.92,25,8,6,2,6,A,Male,Credit
68.04,58,9,6,4,6,A,Male,Cash
127.44,99,13,6,4,4,A,Male,Cash
50.99,20,8,3,2,6,B,Male,Cash
99.45,74,9,4,5,7,B,Male,Credit
60.29,52,6,6,3,6,B,Male,Cash
68.38,79,8,1,3,5,A,Male,Cash
82.68,86,10,6,3,4,C,Female,Cash
110.12,80,11,4,5,6,B,Female,Cash
49.34,51,8,6,4,4,B,Male,Credit
44.28,36,5,6,3,5,B,Female,Credit
95.96,43,8,0,3,7,C,Female,Credit
76.5,78,8,6,3,4,B,Male,Credit
92.89,87,10,5,4,3,C,Female,Cash
71.26,25,9,5,2,4,C,Male,Credit
76.91,29,10,7,2,6,A,Male,Credit
99.55,72,12,4,4,3,C,Male,Credit
75.5,28,8,2,2,3,B,Male,Cash
84.92,99,11,2,5,3,C,Female,Credit
93.85,69,10,6,3,6,C,Male,Cash
88.23,78,10,1,5,3,B,Male,Cash
114.99,85,10,7,5,4,B,Female,Credit
139.12,100,12,1,6,3,A,Male,Credit
88.57,58,11,6,3,6,B,Male,Credit
104.22,67,12,5,3,7,B,Male,Cash
118.86,95,12,6,4,6,A,Female,Cash
77.54,86,8,4,3,3,C,Female,Cash
59.51,39,6,4,3,3,A,Female,Cash
99.84,39,9,2,3,4,A,Female,Credit
61.12,64,8,7,4,7,A,Male,Credit
55.97,23,8,5,3,6,B,Female,Credit
59.53,25,7,3,2,3,C,Male,Cash
94.38,59,10,7,3,5,B,Female,Credit
98.17,98,11,6,5,6,C,Female,Cash
69.62,42,8,2,3,5,C,Female,Cash
71.89,82,9,5,4,6,A,Female,Credit
108.15,62,10,5,3,6,B,Male,Credit
77.54,86,8,3,5,4,B,Female,Credit
89.66,65,9,3,3,7,C,Female,Credit
72.19,35,7,1,3,5,B,Female,Credit
65.36,67,9,4,3,6,A,Male,Cash
91.97,63,10,4,4,6,B,Male,Credit
90.06,85,11,0,5,4,B,Female,Credit
118.72,70,10,7,3,3,C,Male,Cash
96.2,66,10,4,3,4,A,Female,Credit
88.38,34,10,6,3,7,B,Male,Credit
102.85,79,11,1,4,7,B,Female,Cash
74.5,88,9,0,4,6,A,Female,Cash
90.11,29,11,7,2,4,C,Male,Cash
54.5,23,5,4,2,6,A,Male,Credit
72.62,27,9,1,2,5,B,Female,Cash
79.31,39,10,5,2,6,B,Female,Credit
94.84,64,10,1,4,4,C,Female,Cash
44.28,36,7,3,4,3,A,Male,Cash
84.08,32,8,5,3,7,B,Female,Credit
76.77,73,8,1,3,7,B,Female,Cash
65.66,75,9,1,3,7,B,Female,Credit
68.95,27,8,1,2,3,A,Male,Credit
59.13,60,6,0,4,3,C,Male,Credit
88.77,68,11,1,5,4,A,Female,Cash
123.04,99,10,0,5,6,C,Female,Credit
91.04,39,8,1,3,6,C,Male,Credit
104.62,87,10,1,4,7,A,Male,Cash
112.38,79,12,4,4,7,C,Female,Credit
81.87,46,7,0,3,7,C,Female,Credit
79.91,69,8,1,3,7,A,Female,Cash
89.23,73,10,2,4,4,A,Female,Cash
75.46,70,9,6,3,5,B,Male,Credit
76.04,73,10,0,4,4,A,Male,Credit
124.2,91,11,0,5,7,C,Male,Credit
81.06,75,8,6,4,4,C,Female,Credit
79.79,30,7,0,2,5,B,Male,Cash
95.19,85,10,4,4,3,B,Female,Cash
107.7,98,10,0,5,5,B,Male,Cash
76.54,91,9,7,4,4,B,Female,Credit
116.08,92,12,7,5,6,B,Male,Cash
118.92,80,11,7,4,6,B,Female,Credit
36.8,25,7,5,2,6,C,Male,Credit
49.57,33,7,5,4,3,C,Male,Cash
91.04,39,8,0,3,3,A,Male,Cash
123.38,79,14,5,4,3,A,Male,Cash
61.13,50,6,2,3,7,C,Female,Credit
79.02,72,9,4,4,6,C,Female,Cash
106.4,81,11,7,4,5,C,Female,Credit
48.82,47,5,0,3,3,C,Male,Credit
113.46,100,10,4,5,3,A,Female,Cash
76.81,86,10,3,4,4,A,Female,Cash
65.33,40,8,0,3,4,A,Male,Cash
115.98,94,13,4,5,3,A,Male,Credit
59.02,62,5,1,4,4,B,Female,Credit
76.88,71,8,2,4,4,B,Female,Credit
70.25,44,6,2,4,5,C,Female,Credit
75.78,64,9,3,4,7,B,Male,Credit
57.47,36,6,5,2,7,C,Female,Credit
121.54,86,11,0,4,3,B,Male,Cash
61.08,51,8,7,3,4,C,Female,Cash
92.74,76,9,6,4,3,C,Male,Credit
68.51,49,6,6,3,5,B,Male,Cash
103.57,93,10,1,5,5,C,Male,Cash
63.06,55,8,5,3,7,B,Female,Cash
104.63,73,9,7,4,4,A,Female,Cash
91.7,68,10,5,3,5,A,Male,Cash
97.71,79,11,4,4,7,A,Male,Credit
47.62,42,7,2,3,7,B,Male,Cash
78.9,33,9,2,3,5,B,Male,Credit
36.01,26,6,3,3,6,C,Male,Credit
105.28,47,12,1,4,5,C,Female,Credit
48.37,28,8,5,3,4,C,Male,Credit
84.42,67,11,0,3,4,B,Male,Credit
72.35,32,8,5,2,4,A,Male,Cash
83.15,77,10,6,5,3,C,Male,Cash
56.3,58,7,4,3,6,C,Male,Cash
65.88,71,9,6,4,3,A,Female,Cash
54.64,48,6,2,4,5,A,Male,Cash
53.19,20,8,4,2,3,C,Female,Credit
109.7,88,12,4,4,6,C,Female,Cash
59.35,42,6,0,3,3,B,Male,Credit
126.04,84,12,7,4,7,C,Female,Cash
111.29,58,10,0,4,3,B,Female,Credit
55.64,43,5,7,3,4,C,Male,Credit
78,36,9,4,3,4,B,Female,Cash
86.66,25,9,3,2,3,A,Female,Credit
91.57,29,11,3,3,3,A,Female,Cash
93.86,55,11,6,4,5,B,Male,Credit
78.17,88,7,5,4,5,C,Female,Credit
110.51,59,10,5,4,3,A,Female,Cash
79.83,43,9,4,2,5,B,Female,Credit
96.18,39,10,2,3,3,A,Female,Cash
67.2,60,6,4,3,6,A,Male,Credit
86.82,77,8,2,4,7,A,Female,Credit
102.7,68,9,6,4,6,B,Female,Credit
72.25,34,8,1,2,4,B,Male,Cash
111.63,93,12,5,4,4,A,Female,Cash
127.08,92,13,1,5,7,A,Female,Credit
114.88,87,12,6,4,4,A,Male,Credit
97.33,100,10,5,5,3,B,Female,Credit
61.6,55,7,0,4,7,C,Female,Cash
44.65,29,7,3,3,6,B,Male,Cash
72.81,51,7,4,4,5,B,Female,Credit
65.3,68,8,5,3,6,A,Female,Cash
68.14,56,7,0,4,5,B,Female,Cash
82.49,62,10,2,4,7,C,Female,Credit
71.28,66,7,2,4,4,C,Female,Cash
106.23,98,12,2,4,4,C,Female,Credit
71.16,82,8,7,4,5,C,Male,Credit
69.33,75,9,0,4,4,B,Female,Cash
101.34,66,10,1,4,5,C,Male,Cash
65.89,57,8,4,4,6,B,Male,Cash
126.67,86,13,2,4,7,C,Male,Cash
88.07,26,11,7,3,4,B,Male,Cash
115.51,89,12,0,3,4,C,Male,Cash
60.1,28,7,1,2,7,A,Female,Credit
61.77,38,6,2,3,4,A,Female,Credit
75.77,78,9,6,4,5,C,Female,Credit
133.99,100,13,1,5,3,C,Female,Cash
93.48,62,9,5,4,7,A,Male,Cash
114.79,75,13,2,4,5,C,Male,Cash
47.17,23,7,0,3,6,C,Female,Credit
133.31,99,13,2,4,5,C,Male,Cash
76.02,87,7,6,4,4,A,Male,Credit
82.89,82,11,6,4,5,A,Male,Credit
80,95,7,4,4,3,C,Male,Cash
95.34,41,11,2,4,3,B,Female,Cash
85.35,22,11,0,3,7,A,Male,Credit
120.81,72,12,0,4,5,A,Female,Cash
52.13,40,5,3,3,7,B,Male,Credit
84.72,89,8,1,5,4,C,Female,Cash
67.12,20,8,2,3,3,A,Female,Credit
82.69,72,8,6,4,5,B,Male,Cash
77.58,44,7,3,2,5,C,Male,Credit
60.18,54,7,3,4,4,B,Male,Credit
106.66,90,12,4,4,4,C,Female,Cash
95.03,33,9,0,2,6,C,Male,Cash
61.78,24,6,1,3,6,A,Female,Credit
81.37,83,9,4,4,7,B,Female,Credit
89.06,35,10,1,2,4,A,Female,Credit
111.44,69,11,4,3,5,A,Female,Cash
67.72,64,8,2,3,3,A,Female,Cash
108.92,75,11,1,4,3,B,Female,Credit
64.37,58,8,6,2,5,C,Female,Cash
95.58,64,10,0,4,7,B,Male,Cash
49.42,22,7,4,3,6,A,Female,Cash
93.08,42,9,2,2,6,C,Female,Cash
125.62,92,11,1,4,3,A,Male,Credit
112.71,59,11,3,4,4,A,Female,Cash
84.53,65,11,4,4,7,B,Female,Credit
75.27,46,10,5,3,5,C,Female,Credit
52.49,47,8,3,3,4,A,Male,Cash
67.78,49,6,0,2,4,B,Male,Cash
96.18,39,11,1,3,6,B,Male,Credit
74.73,70,9,1,4,5,B,Male,Cash
102.18,64,12,4,3,6,A,Female,Cash
116.55,97,10,1,3,7,C,Male,Credit
100.81,76,12,5,5,3,A,Female,Cash
99.76,68,10,5,3,4,B,Female,Credit
103.99,85,9,2,5,4,A,Female,Cash
54.65,34,8,5,3,4,B,Female,Cash
96.19,80,8,4,4,7,A,Male,Cash
130.38,99,11,4,5,7,C,Male,Credit
61.85,64,7,3,5,6,A,Female,Cash
122.28,72,11,4,3,7,A,Male,Credit
82.72,99,8,3,5,5,B,Male,Credit
100.99,45,11,6,2,3,B,Female,Credit
65.02,32,8,3,2,4,A,Male,Credit
82.22,67,10,2,4,4,B,Female,Cash
137.87,96,12,2,5,7,A,Male,Cash
87.08,86,8,2,4,7,A,Male,Credit
44.9,38,6,0,3,6,B,Male,Cash
68.97,68,8,1,3,3,C,Male,Credit
112.6,61,10,6,3,3,C,Female,Credit
63.19,25,7,0,2,6,A,Male,Cash
40.09,32,5,4,3,5,B,Male,Credit
64.86,35,8,5,3,6,A,Female,Credit
88.51,59,10,0,4,4,C,Female,Credit
105.16,63,11,1,4,4,A,Male,Cash
65.97,28,7,4,2,5,A,Male,Cash
103.19,45,12,4,3,6,A,Male,Credit
84.54,51,9,6,3,6,C,Female,Credit
103.58,79,12,7,4,6,C,Female,Cash
89.42,97,10,2,4,3,A,Female,Cash
126.3,93,13,7,5,3,A,Male,Cash
50.73,25,5,1,2,6,A,Female,Credit
56.75,22,7,2,3,6,C,Male,Cash
49.31,24,6,4,2,3,B,Female,Cash
106.64,49,12,2,3,3,A,Female,Cash
92.89,87,10,5,4,5,B,Female,Cash
81.9,73,10,4,3,5,B,Male,Credit
87.9,43,10,3,2,5,A,Female,Credit
106.79,60,11,2,3,7,B,Male,Cash
85.42,62,8,5,3,5,A,Female,Credit
62.49,52,9,7,4,7,C,Female,Credit
52.85,54,6,3,3,6,A,Male,Credit
70.67,36,8,4,2,3,B,Female,Cash
106.93,85,12,0,4,5,B,Female,Cash
81.54,66,7,3,4,3,A,Female,Cash
99.58,99,9,1,4,6,C,Male,Credit
67.74,36,7,3,3,3,B,Male,Cash
75.12,35,9,5,3,3,C,Female,Credit
93.39,50,9,3,3,6,C,Male,Credit
100.19,60,10,7,2,5,A,Male,Credit
92.99,85,10,3,5,3,A,Male,Cash
97.9,48,10,7,3,4,C,Male,Cash
79.81,71,10,3,4,4,B,Female,Cash
103.28,57,9,7,3,6,A,Male,Cash
71.9,68,8,2,4,3,A,Male,Credit
117.92,85,10,6,4,7,C,Male,Cash
82.09,97,10,5,4,3,C,Male,Credit
42.09,22,7,6,2,3,B,Male,Cash
109.4,66,11,4,3,5,A,Female,Credit
83.83,23,8,4,2,5,B,Female,Credit
123.83,98,13,4,5,6,B,Female,Credit
91.26,90,10,4,5,7,C,Female,Cash
87.99,55,11,2,4,7,B,Male,Cash
111.14,61,10,2,4,4,A,Female,Cash
59.51,39,7,4,3,3,A,Female,Cash
116.72,80,10,0,4,7,A,Male,Cash
86.4,85,9,3,5,7,A,Male,Cash
76.34,26,8,6,3,6,A,Female,Cash
123.88,97,11,4,4,3,C,Female,Credit
133.11,89,13,5,5,3,A,Male,Cash
123.16,83,13,6,4,3,C,Female,Credit
89.78,49,8,1,3,5,B,Female,Credit
62.26,70,7,2,3,7,C,Female,Credit
93.14,96,10,0,4,7,B,Male,Credit
100.75,77,9,0,4,4,B,Male,Cash
100.67,51,11,4,2,5,B,Male,Cash
43.13,30,7,1,2,7,C,Male,Credit
97.68,52,10,0,3,5,C,Female,Credit
96.19,80,11,1,5,3,C,Male,Cash
47.3,48,6,7,3,7,A,Male,Credit
97.31,59,9,2,3,4,C,Female,Credit
108.71,79,10,7,3,3,B,Male,Credit
87.05,59,11,4,2,5,A,Female,Credit
99.1,53,9,7,3,5,A,Male,Cash
75.2,75,9,1,3,7,C,Female,Cash
59.6,65,7,1,4,5,C,Female,Credit
93.08,42,9,7,2,3,C,Male,Credit
124.46,100,13,4,6,4,B,Female,Credit
79.84,29,7,0,3,4,A,Female,Cash
95.5,93,11,1,4,6,B,Female,Cash
52.6,45,8,5,3,6,B,Female,Cash
80.34,61,8,5,3,3,C,Female,Credit
117.39,95,10,6,5,7,A,Female,Cash
99.83,53,10,4,3,4,A,Male,Cash
100.99,100,9,1,5,4,A,Female,Cash
76.93,70,9,1,4,4,C,Female,Cash
37.8,20,5,1,2,4,C,Male,Credit
65.04,73,9,2,3,5,A,Female,Cash
64.09,22,9,5,2,4,B,Male,Credit
100.2,46,9,5,3,3,B,Female,Credit
119.7,93,10,5,5,7,C,Female,Credit
64.09,22,9,0,1,5,B,Female,Credit
85.57,73,9,6,3,5,C,Female,Cash
100.59,80,10,2,5,6,C,Female,Credit
95.57,78,9,6,4,5,C,Female,Credit
58.14,51,7,6,4,5,B,Female,Credit
69.41,46,8,2,3,7,B,Male,Credit
71.45,49,8,1,3,6,A,Female,Credit
86.08,22,10,7,2,3,B,Female,Cash
80.22,77,9,7,5,7,B,Male,Credit
100.59,80,11,5,4,6,B,Male,Credit
83.71,39,10,1,3,4,C,Female,Credit
74.77,83,7,0,5,7,A,Female,Cash
106.46,80,12,1,4,3,C,Male,Cash
69.65,69,7,0,5,3,B,Female,Cash
86.03,78,9,0,4,4,C,Male,Cash
100.54,81,10,6,4,5,C,Female,Cash
77.06,40,7,7,2,4,A,Female,Cash
55.91,24,6,4,2,5,A,Female,Cash
97.91,89,12,0,4,4,C,Female,Credit
97.13,90,11,4,5,5,A,Male,Credit
58.06,25,6,3,2,7,C,Male,Credit
96.68,57,11,3,3,3,A,Female,Cash
78.47,41,10,2,2,3,A,Male,Credit
107.65,99,11,6,4,6,A,Male,Credit
118.3,78,10,5,4,3,A,Female,Cash
102.62,97,9,6,4,6,C,Male,Cash
123.43,78,10,5,4,3,B,Male,Credit
116.45,99,11,7,5,4,C,Male,Credit
63.41,21,9,3,2,7,B,Female,Cash
119.82,77,10,5,4,5,B,Male,Credit
55.32,49,7,0,3,6,B,Female,Cash
86.65,94,8,0,4,7,B,Female,Credit
98.36,53,10,0,3,7,C,Female,Cash
110.64,84,10,7,4,6,B,Male,Credit
65.17,43,9,3,3,7,A,Female,Credit
82.35,37,10,5,3,3,C,Male,Credit
101.37,93,12,0,4,7,B,Male,Credit
37.69,22,4,5,2,3,C,Female,Credit
55.02,27,6,1,2,4,A,Female,Cash
94.58,69,10,5,3,7,C,Male,Credit
81.52,94,8,0,5,6,A,Male,Credit
114.1,88,12,1,4,7,A,Female,Cash
123.43,78,11,1,4,7,C,Male,Credit
82.03,43,9,6,4,7,B,Male,Credit
126.78,84,12,1,4,3,B,Female,Cash
72.7,53,8,4,4,7,A,Female,Credit
98.33,95,11,5,4,5,A,Male,Cash
85.7,98,10,3,4,7,A,Female,Cash
132.32,90,14,6,4,6,B,Female,Credit
87.5,78,8,2,4,6,B,Female,Cash
100.11,89,9,6,4,6,B,Male,Credit
81.26,30,7,1,3,5,B,Male,Cash
140.64,99,12,3,4,7,A,Male,Cash
105.88,77,9,3,4,6,C,Male,Credit
59.76,62,6,4,3,7,B,Male,Cash
91.94,36,11,3,2,3,A,Female,Credit
67.51,54,7,3,3,5,B,Male,Cash
123.53,76,11,0,4,5,B,Female,Credit
123.36,93,10,5,5,4,B,Female,Cash
103.63,78,11,1,4,4,C,Male,Cash
53.64,53,7,5,3,7,A,Male,Credit
86.33,100,8,2,4,3,A,Female,Credit
131.43,93,13,3,5,6,C,Male,Cash
89.11,34,8,1,3,3,C,Male,Cash
51.61,36,6,0,2,4,B,Female,Credit
89.77,63,10,1,3,3,B,Female,Credit
77.91,24,10,3,2,6,B,Male,Cash
69.65,69,7,2,4,4,C,Male,Cash
95.5,38,11,1,3,6,B,Male,Credit
77.83,53,7,0,3,7,A,Female,Credit
104.68,72,9,3,4,4,B,Female,Credit
51.57,23,8,0,2,3,A,Male,Credit
96.14,81,8,7,4,6,B,Male,Cash
101.66,60,9,1,3,5,C,Female,Cash
108.78,64,12,3,4,5,C,Male,Cash
103.73,90,12,5,5,6,B,Female,Cash
100.76,63,10,3,3,4,A,Male,Cash
100.69,92,9,7,4,7,A,Male,Credit
103.59,65,12,3,4,3,A,Female,Credit